{
  "Merchants" : {
    "transaction" : "Merchants",
    "sampleCount" : 10000,
    "errorCount" : 2150,
    "errorPct" : 21.5,
    "meanResTime" : 170.46830000000037,
    "medianResTime" : 175.0,
    "minResTime" : 0.0,
    "maxResTime" : 2191.0,
    "pct1ResTime" : 303.0,
    "pct2ResTime" : 382.9499999999989,
    "pct3ResTime" : 553.9499999999989,
    "throughput" : 0.4525545436838229,
    "receivedKBytesPerSec" : 36.18046843802021,
    "sentKBytesPerSec" : 0.13460421717929633
  },
  "Account Balance" : {
    "transaction" : "Account Balance",
    "sampleCount" : 10000,
    "errorCount" : 2151,
    "errorPct" : 21.51,
    "meanResTime" : 528.8643000000017,
    "medianResTime" : 557.0,
    "minResTime" : 0.0,
    "maxResTime" : 3265.0,
    "pct1ResTime" : 870.0,
    "pct2ResTime" : 1014.9499999999989,
    "pct3ResTime" : 1682.0,
    "throughput" : 0.4525260979719907,
    "receivedKBytesPerSec" : 0.6311544998821849,
    "sentKBytesPerSec" : 0.1425746224303249
  },
  "Eligibility" : {
    "transaction" : "Eligibility",
    "sampleCount" : 10000,
    "errorCount" : 2151,
    "errorPct" : 21.51,
    "meanResTime" : 639.7865999999971,
    "medianResTime" : 682.0,
    "minResTime" : 0.0,
    "maxResTime" : 10165.0,
    "pct1ResTime" : 1051.0,
    "pct2ResTime" : 1220.949999999999,
    "pct3ResTime" : 1953.9599999999991,
    "throughput" : 0.45253005025798737,
    "receivedKBytesPerSec" : 0.3497331649487872,
    "sentKBytesPerSec" : 0.1297401886394141
  },
  "Language List" : {
    "transaction" : "Language List",
    "sampleCount" : 10000,
    "errorCount" : 2150,
    "errorPct" : 21.5,
    "meanResTime" : 71.8737000000003,
    "medianResTime" : 77.0,
    "minResTime" : 0.0,
    "maxResTime" : 700.0,
    "pct1ResTime" : 107.0,
    "pct2ResTime" : 125.0,
    "pct3ResTime" : 281.9899999999998,
    "throughput" : 0.4524862308439954,
    "receivedKBytesPerSec" : 0.5679806899804164,
    "sentKBytesPerSec" : 0.11741231142070722
  },
  "Recent Statement" : {
    "transaction" : "Recent Statement",
    "sampleCount" : 10000,
    "errorCount" : 2151,
    "errorPct" : 21.51,
    "meanResTime" : 539.4720000000021,
    "medianResTime" : 571.0,
    "minResTime" : 0.0,
    "maxResTime" : 3685.0,
    "pct1ResTime" : 886.0,
    "pct2ResTime" : 1035.949999999999,
    "pct3ResTime" : 1669.0,
    "throughput" : 0.4525287601259532,
    "receivedKBytesPerSec" : 0.5811418971721839,
    "sentKBytesPerSec" : 0.14326927968802486
  },
  "Service Banner" : {
    "transaction" : "Service Banner",
    "sampleCount" : 10000,
    "errorCount" : 2150,
    "errorPct" : 21.5,
    "meanResTime" : 68.06209999999969,
    "medianResTime" : 72.0,
    "minResTime" : 0.0,
    "maxResTime" : 783.0,
    "pct1ResTime" : 99.0,
    "pct2ResTime" : 122.0,
    "pct3ResTime" : 275.9899999999998,
    "throughput" : 0.45248563708778616,
    "receivedKBytesPerSec" : 0.3477135599572202,
    "sentKBytesPerSec" : 0.11949341452969389
  },
  "Public menus" : {
    "transaction" : "Public menus",
    "sampleCount" : 10000,
    "errorCount" : 2150,
    "errorPct" : 21.5,
    "meanResTime" : 127.4978000000004,
    "medianResTime" : 133.0,
    "minResTime" : 0.0,
    "maxResTime" : 8107.0,
    "pct1ResTime" : 177.0,
    "pct2ResTime" : 254.0,
    "pct3ResTime" : 511.9499999999989,
    "throughput" : 0.45248528902452584,
    "receivedKBytesPerSec" : 4.6756146254738535,
    "sentKBytesPerSec" : 0.135796491302373
  },
  "FCM Subscription" : {
    "transaction" : "FCM Subscription",
    "sampleCount" : 10000,
    "errorCount" : 2151,
    "errorPct" : 21.51,
    "meanResTime" : 550.2003000000034,
    "medianResTime" : 574.0,
    "minResTime" : 0.0,
    "maxResTime" : 3934.0,
    "pct1ResTime" : 918.0,
    "pct2ResTime" : 1075.0,
    "pct3ResTime" : 1741.9199999999983,
    "throughput" : 0.45250869235259855,
    "receivedKBytesPerSec" : 0.41816531535692775,
    "sentKBytesPerSec" : 0.22096715330469585
  },
  "Token" : {
    "transaction" : "Token",
    "sampleCount" : 10000,
    "errorCount" : 2151,
    "errorPct" : 21.51,
    "meanResTime" : 536.1938000000014,
    "medianResTime" : 565.0,
    "minResTime" : 0.0,
    "maxResTime" : 9323.0,
    "pct1ResTime" : 886.0,
    "pct2ResTime" : 1026.0,
    "pct3ResTime" : 1661.9799999999996,
    "throughput" : 0.4525532943730202,
    "receivedKBytesPerSec" : 0.6758732747678458,
    "sentKBytesPerSec" : 0.11622722080063919
  },
  "Intial Data" : {
    "transaction" : "Intial Data",
    "sampleCount" : 10000,
    "errorCount" : 2150,
    "errorPct" : 21.5,
    "meanResTime" : 68.53120000000028,
    "medianResTime" : 69.0,
    "minResTime" : 0.0,
    "maxResTime" : 1976.0,
    "pct1ResTime" : 105.0,
    "pct2ResTime" : 142.0,
    "pct3ResTime" : 287.9899999999998,
    "throughput" : 0.45248309828570893,
    "receivedKBytesPerSec" : 2.2666199608427915,
    "sentKBytesPerSec" : 0.11845212132673655
  },
  "Login" : {
    "transaction" : "Login",
    "sampleCount" : 10000,
    "errorCount" : 2151,
    "errorPct" : 21.51,
    "meanResTime" : 741.1010999999978,
    "medianResTime" : 768.5,
    "minResTime" : 0.0,
    "maxResTime" : 4932.0,
    "pct1ResTime" : 1296.0,
    "pct2ResTime" : 1522.949999999999,
    "pct3ResTime" : 2322.959999999999,
    "throughput" : 0.4524727795769352,
    "receivedKBytesPerSec" : 0.7437863320088249,
    "sentKBytesPerSec" : 0.14723932627459208
  },
  "Registered Account" : {
    "transaction" : "Registered Account",
    "sampleCount" : 10000,
    "errorCount" : 2151,
    "errorPct" : 21.51,
    "meanResTime" : 536.3649000000012,
    "medianResTime" : 562.0,
    "minResTime" : 0.0,
    "maxResTime" : 3360.0,
    "pct1ResTime" : 892.0,
    "pct2ResTime" : 1044.949999999999,
    "pct3ResTime" : 1677.9899999999998,
    "throughput" : 0.4525471503219081,
    "receivedKBytesPerSec" : 0.49203060755982275,
    "sentKBytesPerSec" : 0.12281802623709986
  },
  "Graph Details" : {
    "transaction" : "Graph Details",
    "sampleCount" : 10000,
    "errorCount" : 2151,
    "errorPct" : 21.51,
    "meanResTime" : 565.8348999999972,
    "medianResTime" : 601.0,
    "minResTime" : 0.0,
    "maxResTime" : 3623.0,
    "pct1ResTime" : 927.0,
    "pct2ResTime" : 1073.949999999999,
    "pct3ResTime" : 1710.9799999999996,
    "throughput" : 0.4525539702288276,
    "receivedKBytesPerSec" : 0.5138917388003753,
    "sentKBytesPerSec" : 0.14606705306346907
  },
  "Main Banner" : {
    "transaction" : "Main Banner",
    "sampleCount" : 10000,
    "errorCount" : 2150,
    "errorPct" : 21.5,
    "meanResTime" : 82.8373999999998,
    "medianResTime" : 86.0,
    "minResTime" : 0.0,
    "maxResTime" : 5160.0,
    "pct1ResTime" : 121.0,
    "pct2ResTime" : 171.0,
    "pct3ResTime" : 351.9499999999989,
    "throughput" : 0.4524837944060243,
    "receivedKBytesPerSec" : 0.4736276904629855,
    "sentKBytesPerSec" : 0.11845230355879861
  },
  "Profile image" : {
    "transaction" : "Profile image",
    "sampleCount" : 10000,
    "errorCount" : 2151,
    "errorPct" : 21.51,
    "meanResTime" : 519.6974999999998,
    "medianResTime" : 542.0,
    "minResTime" : 0.0,
    "maxResTime" : 3285.0,
    "pct1ResTime" : 863.0,
    "pct2ResTime" : 1008.0,
    "pct3ResTime" : 1690.9899999999998,
    "throughput" : 0.4525469864828288,
    "receivedKBytesPerSec" : 0.40461691313525777,
    "sentKBytesPerSec" : 0.11900134014153317
  },
  "Card list" : {
    "transaction" : "Card list",
    "sampleCount" : 10000,
    "errorCount" : 2151,
    "errorPct" : 21.51,
    "meanResTime" : 590.2559999999995,
    "medianResTime" : 628.0,
    "minResTime" : 0.0,
    "maxResTime" : 6310.0,
    "pct1ResTime" : 976.0,
    "pct2ResTime" : 1145.0,
    "pct3ResTime" : 1806.9299999999985,
    "throughput" : 0.452525770324437,
    "receivedKBytesPerSec" : 0.42100536178270087,